artist_name,popularity,followers,genres,album_name,album_id,release_date,total_tracks,available_markets_count,album_type,album_group,album_popularity,album_genres,album_label,track_number,track_name,track_id,duration_ms,explicit,track_popularity,artists
Charlie Puth,79,24104980,"soft pop, pop",CHARLIE,2LTqBgZUH4EkDcj8hdkNjK,2022-10-07,12,184,album,album,57,,Atlantic Records,1,That's Hilarious,0wPKDeY4fZXT6k9bzV0kx0,144933,True,61,Charlie Puth
Charlie Puth,79,24104980,"soft pop, pop",CHARLIE,2LTqBgZUH4EkDcj8hdkNjK,2022-10-07,12,184,album,album,57,,Atlantic Records,2,Charlie Be Quiet!,3E9es0SK2EusrHA7IaO7Zu,128364,False,45,Charlie Puth
Charlie Puth,79,24104980,"soft pop, pop",CHARLIE,2LTqBgZUH4EkDcj8hdkNjK,2022-10-07,12,184,album,album,57,,Atlantic Records,3,Light Switch,5Q4lCfjJ1aht8YZOGFbC5U,187703,False,43,Charlie Puth
Charlie Puth,79,24104980,"soft pop, pop",CHARLIE,2LTqBgZUH4EkDcj8hdkNjK,2022-10-07,12,184,album,album,57,,Atlantic Records,4,There’s A First Time For Everything,0I3FXz5RssOlMNI0FmPAkc,136769,False,41,Charlie Puth
Charlie Puth,79,24104980,"soft pop, pop",CHARLIE,2LTqBgZUH4EkDcj8hdkNjK,2022-10-07,12,184,album,album,57,,Atlantic Records,5,Smells Like Me,0OM84HfW4XX1kmwCMDPmcS,204079,False,43,Charlie Puth
Charlie Puth,79,24104980,"soft pop, pop",CHARLIE,2LTqBgZUH4EkDcj8hdkNjK,2022-10-07,12,184,album,album,57,,Atlantic Records,6,Left and Right (Feat. Jung Kook of BTS),1tGq9MNEmWGevwtiBCdrbk,154486,False,42,"Charlie Puth, Jung Kook, BTS"
Charlie Puth,79,24104980,"soft pop, pop",CHARLIE,2LTqBgZUH4EkDcj8hdkNjK,2022-10-07,12,184,album,album,57,,Atlantic Records,7,Loser,4oTn7ylKtjeMYwxatEVFAt,204376,False,44,Charlie Puth
Charlie Puth,79,24104980,"soft pop, pop",CHARLIE,2LTqBgZUH4EkDcj8hdkNjK,2022-10-07,12,184,album,album,57,,Atlantic Records,8,When You’re Sad I’m Sad,4JC4Gj3DcAkwh9rvBeYoXy,174036,False,39,Charlie Puth
Charlie Puth,79,24104980,"soft pop, pop",CHARLIE,2LTqBgZUH4EkDcj8hdkNjK,2022-10-07,12,184,album,album,57,,Atlantic Records,9,Marks On My Neck,55ruPNJ55uKjtm77nf3lPD,138159,False,38,Charlie Puth
Charlie Puth,79,24104980,"soft pop, pop",CHARLIE,2LTqBgZUH4EkDcj8hdkNjK,2022-10-07,12,184,album,album,57,,Atlantic Records,10,Tears On My Piano,7mWBvNosCez1ry9f1ba197,181385,True,43,Charlie Puth
Charlie Puth,79,24104980,"soft pop, pop",CHARLIE,2LTqBgZUH4EkDcj8hdkNjK,2022-10-07,12,184,album,album,57,,Atlantic Records,11,I Don’t Think That I Like Her,0Ts1lnK3lYa2dwE2orDJc5,188507,False,55,Charlie Puth
Charlie Puth,79,24104980,"soft pop, pop",CHARLIE,2LTqBgZUH4EkDcj8hdkNjK,2022-10-07,12,184,album,album,57,,Atlantic Records,12,No More Drama,2g3afkZqrBxT9RWNSPSWa7,140041,False,46,Charlie Puth
Charlie Puth,79,24104980,"soft pop, pop",Voicenotes,0mZIUXje90JtHxPNzWsJNR,2018-05-11,13,184,album,album,73,,Artist Partner,1,The Way I Am,6qNALlmZa1ESnCxJmXE1K9,186080,False,57,Charlie Puth
Charlie Puth,79,24104980,"soft pop, pop",Voicenotes,0mZIUXje90JtHxPNzWsJNR,2018-05-11,13,184,album,album,73,,Artist Partner,2,Attention,5cF0dROlMOK5uNZtivgu50,208786,False,80,Charlie Puth
Charlie Puth,79,24104980,"soft pop, pop",Voicenotes,0mZIUXje90JtHxPNzWsJNR,2018-05-11,13,184,album,album,73,,Artist Partner,3,LA Girls,6pQadiopoIsS4x78tjSkJt,197106,False,51,Charlie Puth
Charlie Puth,79,24104980,"soft pop, pop",Voicenotes,0mZIUXje90JtHxPNzWsJNR,2018-05-11,13,184,album,album,73,,Artist Partner,4,How Long,6wmAHw1szh5RCKSRjiXhPe,200853,False,71,Charlie Puth
Charlie Puth,79,24104980,"soft pop, pop",Voicenotes,0mZIUXje90JtHxPNzWsJNR,2018-05-11,13,184,album,album,73,,Artist Partner,5,Done for Me (feat. Kehlani),1lsBTdE6MGsKeZCD6llNu7,180493,False,64,"Charlie Puth, Kehlani"
Charlie Puth,79,24104980,"soft pop, pop",Voicenotes,0mZIUXje90JtHxPNzWsJNR,2018-05-11,13,184,album,album,73,,Artist Partner,6,Patient,2ZrHbO88rM6Ijeg0aJmSzl,190533,False,51,Charlie Puth
Charlie Puth,79,24104980,"soft pop, pop",Voicenotes,0mZIUXje90JtHxPNzWsJNR,2018-05-11,13,184,album,album,73,,Artist Partner,7,If You Leave Me Now (feat. Boyz II Men),5QLAHKawoQwVRNf1waaVW7,243160,False,46,"Charlie Puth, Boyz II Men"
Charlie Puth,79,24104980,"soft pop, pop",Voicenotes,0mZIUXje90JtHxPNzWsJNR,2018-05-11,13,184,album,album,73,,Artist Partner,8,BOY,7aSvPfoqiM0zwPqupLGaHd,263413,False,48,Charlie Puth
Charlie Puth,79,24104980,"soft pop, pop",Voicenotes,0mZIUXje90JtHxPNzWsJNR,2018-05-11,13,184,album,album,73,,Artist Partner,9,Slow It Down,6TapyDFlRUlZ4cmIaqJx4k,190053,False,48,Charlie Puth
Charlie Puth,79,24104980,"soft pop, pop",Voicenotes,0mZIUXje90JtHxPNzWsJNR,2018-05-11,13,184,album,album,73,,Artist Partner,10,Change (feat. James Taylor),17RMnDmv5CEo3s0tmipRyb,217560,False,45,"Charlie Puth, James Taylor"
Charlie Puth,79,24104980,"soft pop, pop",Voicenotes,0mZIUXje90JtHxPNzWsJNR,2018-05-11,13,184,album,album,73,,Artist Partner,11,Somebody Told Me,1PuQTv1Kr1gzLgVeATSuh6,216053,False,44,Charlie Puth
Charlie Puth,79,24104980,"soft pop, pop",Voicenotes,0mZIUXje90JtHxPNzWsJNR,2018-05-11,13,184,album,album,73,,Artist Partner,12,Empty Cups,7k7JKDjCd9zuL0iF7iWaNs,170946,False,47,Charlie Puth
Charlie Puth,79,24104980,"soft pop, pop",Voicenotes,0mZIUXje90JtHxPNzWsJNR,2018-05-11,13,184,album,album,73,,Artist Partner,13,Through It All,4jgF1sLf3TkQbZkLHsc6SI,206453,False,41,Charlie Puth
Charlie Puth,79,24104980,"soft pop, pop",Nine Track Mind (Deluxe Edition),1OSzM1OWqtTnmIJJQpn62Q,2016-11-11,15,2,album,album,34,,Artist Partner,1,One Call Away,19f9roe77Hen23e6vJ1iBN,194453,False,29,Charlie Puth
Charlie Puth,79,24104980,"soft pop, pop",Nine Track Mind (Deluxe Edition),1OSzM1OWqtTnmIJJQpn62Q,2016-11-11,15,2,album,album,34,,Artist Partner,2,Dangerously,0DbVHIAldoWzrImJU9WN5y,199133,False,25,Charlie Puth
Charlie Puth,79,24104980,"soft pop, pop",Nine Track Mind (Deluxe Edition),1OSzM1OWqtTnmIJJQpn62Q,2016-11-11,15,2,album,album,34,,Artist Partner,3,Marvin Gaye (feat. Meghan Trainor),3qVZXhECuCCsPMm7toPO8X,190453,False,25,"Charlie Puth, Meghan Trainor"
Charlie Puth,79,24104980,"soft pop, pop",Nine Track Mind (Deluxe Edition),1OSzM1OWqtTnmIJJQpn62Q,2016-11-11,15,2,album,album,34,,Artist Partner,4,Losing My Mind,0pimOBUm2iDR5kv7Jw87U0,212213,False,18,Charlie Puth
Charlie Puth,79,24104980,"soft pop, pop",Nine Track Mind (Deluxe Edition),1OSzM1OWqtTnmIJJQpn62Q,2016-11-11,15,2,album,album,34,,Artist Partner,5,We Don't Talk Anymore (feat. Selena Gomez),4QArRxewE1TEJb8AiwfMYF,217706,False,29,"Charlie Puth, Selena Gomez"
Charlie Puth,79,24104980,"soft pop, pop",Nine Track Mind (Deluxe Edition),1OSzM1OWqtTnmIJJQpn62Q,2016-11-11,15,2,album,album,34,,Artist Partner,6,My Gospel,6npLtUJC0l8WDKHPeP2rwX,210866,False,20,Charlie Puth
Charlie Puth,79,24104980,"soft pop, pop",Nine Track Mind (Deluxe Edition),1OSzM1OWqtTnmIJJQpn62Q,2016-11-11,15,2,album,album,34,,Artist Partner,7,Up All Night,5vPTVMplZbchJBYDqOEDWc,190106,False,18,Charlie Puth
Charlie Puth,79,24104980,"soft pop, pop",Nine Track Mind (Deluxe Edition),1OSzM1OWqtTnmIJJQpn62Q,2016-11-11,15,2,album,album,34,,Artist Partner,8,Left Right Left,1UTlDJKLysbiFZO7phs9WV,206466,False,18,Charlie Puth
Charlie Puth,79,24104980,"soft pop, pop",Nine Track Mind (Deluxe Edition),1OSzM1OWqtTnmIJJQpn62Q,2016-11-11,15,2,album,album,34,,Artist Partner,9,Then There's You,2PpVX0Vu2j1mdeNueMDPZF,214413,False,17,Charlie Puth
Charlie Puth,79,24104980,"soft pop, pop",Nine Track Mind (Deluxe Edition),1OSzM1OWqtTnmIJJQpn62Q,2016-11-11,15,2,album,album,34,,Artist Partner,10,Suffer,33SkruahtMKjSqtVQB9ryC,210680,False,21,Charlie Puth
Charlie Puth,79,24104980,"soft pop, pop",Nine Track Mind (Deluxe Edition),1OSzM1OWqtTnmIJJQpn62Q,2016-11-11,15,2,album,album,34,,Artist Partner,11,As You Are (feat. Shy Carter),6KYVdZ8ZGi0StyfyJ0Sinr,235920,False,17,"Charlie Puth, Shy Carter"
Charlie Puth,79,24104980,"soft pop, pop",Nine Track Mind (Deluxe Edition),1OSzM1OWqtTnmIJJQpn62Q,2016-11-11,15,2,album,album,34,,Artist Partner,12,Some Type of Love,1ZG8XKVPjKCHcL9Zmw5dXW,187906,False,19,Charlie Puth
Charlie Puth,79,24104980,"soft pop, pop",Nine Track Mind (Deluxe Edition),1OSzM1OWqtTnmIJJQpn62Q,2016-11-11,15,2,album,album,34,,Artist Partner,13,River,4Ccmop9CkDfU6PWtvOEAbn,191360,False,34,Charlie Puth
Charlie Puth,79,24104980,"soft pop, pop",Nine Track Mind (Deluxe Edition),1OSzM1OWqtTnmIJJQpn62Q,2016-11-11,15,2,album,album,34,,Artist Partner,14,Does It Feel,4mGXCXP9khO6DfRPI3vIuG,218666,False,33,Charlie Puth
Charlie Puth,79,24104980,"soft pop, pop",Nine Track Mind (Deluxe Edition),1OSzM1OWqtTnmIJJQpn62Q,2016-11-11,15,2,album,album,34,,Artist Partner,15,Nothing But Trouble - Instagram Models; Dance Remix,2xbrSRHA5mZdjmemo3bMZa,286829,False,16,Charlie Puth
Charlie Puth,79,24104980,"soft pop, pop",Nine Track Mind,3kndSWeE2IYOrZEToZrHEV,2016-01-29,12,2,album,album,54,,Artist Partner,1,One Call Away,7soJgKhQTO8hLP2JPRkL5O,194453,False,53,Charlie Puth
Charlie Puth,79,24104980,"soft pop, pop",Nine Track Mind,3kndSWeE2IYOrZEToZrHEV,2016-01-29,12,2,album,album,54,,Artist Partner,2,Dangerously,6GBMbvX7sqyOxT5wWK4hgN,199133,False,46,Charlie Puth
Charlie Puth,79,24104980,"soft pop, pop",Nine Track Mind,3kndSWeE2IYOrZEToZrHEV,2016-01-29,12,2,album,album,54,,Artist Partner,3,Marvin Gaye (feat. Meghan Trainor),7rl1z4j7MurMDnn9rHh4M2,190453,False,47,"Charlie Puth, Meghan Trainor"
Charlie Puth,79,24104980,"soft pop, pop",Nine Track Mind,3kndSWeE2IYOrZEToZrHEV,2016-01-29,12,2,album,album,54,,Artist Partner,4,Losing My Mind,6qHPJleQOdQDEZvbxjY7jR,212213,False,23,Charlie Puth
Charlie Puth,79,24104980,"soft pop, pop",Nine Track Mind,3kndSWeE2IYOrZEToZrHEV,2016-01-29,12,2,album,album,54,,Artist Partner,5,We Don't Talk Anymore (feat. Selena Gomez),37FXw5QGFN7uwwsLy8uAc0,217706,False,60,"Charlie Puth, Selena Gomez"
Charlie Puth,79,24104980,"soft pop, pop",Nine Track Mind,3kndSWeE2IYOrZEToZrHEV,2016-01-29,12,2,album,album,54,,Artist Partner,6,My Gospel,1RdykyqZss4snJH9e58CQJ,210866,False,26,Charlie Puth
Charlie Puth,79,24104980,"soft pop, pop",Nine Track Mind,3kndSWeE2IYOrZEToZrHEV,2016-01-29,12,2,album,album,54,,Artist Partner,7,Up All Night,2Y1LWNrO3Ls6tK9LZVehXk,190106,False,24,Charlie Puth
Charlie Puth,79,24104980,"soft pop, pop",Nine Track Mind,3kndSWeE2IYOrZEToZrHEV,2016-01-29,12,2,album,album,54,,Artist Partner,8,Left Right Left,4KVzPTFZXByIdBBH9dXiLT,206466,False,26,Charlie Puth
Charlie Puth,79,24104980,"soft pop, pop",Nine Track Mind,3kndSWeE2IYOrZEToZrHEV,2016-01-29,12,2,album,album,54,,Artist Partner,9,Then There's You,73E8dgeUdDu8iaZbQv1Fmk,214413,False,23,Charlie Puth
Charlie Puth,79,24104980,"soft pop, pop",Nine Track Mind,3kndSWeE2IYOrZEToZrHEV,2016-01-29,12,2,album,album,54,,Artist Partner,10,Suffer,5uAeahijdsH6Pu4es1OVCt,210680,False,32,Charlie Puth
Charlie Puth,79,24104980,"soft pop, pop",Nine Track Mind,3kndSWeE2IYOrZEToZrHEV,2016-01-29,12,2,album,album,54,,Artist Partner,11,As You Are (feat. Shy Carter),5T5X1awq0Tzg0NgQ4bSVAE,235920,False,24,"Charlie Puth, Shy Carter"
Charlie Puth,79,24104980,"soft pop, pop",Nine Track Mind,3kndSWeE2IYOrZEToZrHEV,2016-01-29,12,2,album,album,54,,Artist Partner,12,Some Type of Love,1KoSVcMX0QEQSvqxTemRnR,187906,False,28,Charlie Puth
Charlie Puth,79,24104980,"soft pop, pop",Nine Track Mind (Special Edition),5J4SS8wTmXdyIEVYjmHzpZ,2015-11-05,20,184,album,album,71,,Artist Partner,1,One Call Away,5MwIGPDKeDb7SpblcaQP6O,194453,False,69,Charlie Puth
Charlie Puth,79,24104980,"soft pop, pop",Nine Track Mind (Special Edition),5J4SS8wTmXdyIEVYjmHzpZ,2015-11-05,20,184,album,album,71,,Artist Partner,2,Dangerously,2EbseeW2cr5zK3J8VuYntw,199133,False,62,Charlie Puth
Charlie Puth,79,24104980,"soft pop, pop",Nine Track Mind (Special Edition),5J4SS8wTmXdyIEVYjmHzpZ,2015-11-05,20,184,album,album,71,,Artist Partner,3,Marvin Gaye (feat. Meghan Trainor),6TjWrm6BZytIjHnZcX2TGk,190453,False,37,"Charlie Puth, Meghan Trainor"
Charlie Puth,79,24104980,"soft pop, pop",Nine Track Mind (Special Edition),5J4SS8wTmXdyIEVYjmHzpZ,2015-11-05,20,184,album,album,71,,Artist Partner,4,Losing My Mind,6A7PbIUxiSwqOlHuMwI7te,212213,False,36,Charlie Puth
Charlie Puth,79,24104980,"soft pop, pop",Nine Track Mind (Special Edition),5J4SS8wTmXdyIEVYjmHzpZ,2015-11-05,20,184,album,album,71,,Artist Partner,5,We Don't Talk Anymore (feat. Selena Gomez),54PbBpquVfhfrwRwvjSXbI,217706,False,78,"Charlie Puth, Selena Gomez"
Charlie Puth,79,24104980,"soft pop, pop",Nine Track Mind (Special Edition),5J4SS8wTmXdyIEVYjmHzpZ,2015-11-05,20,184,album,album,71,,Artist Partner,6,My Gospel,1mL1pb7iSeTk90dtEsa73j,210866,False,37,Charlie Puth
Charlie Puth,79,24104980,"soft pop, pop",Nine Track Mind (Special Edition),5J4SS8wTmXdyIEVYjmHzpZ,2015-11-05,20,184,album,album,71,,Artist Partner,7,Up All Night,5U3qK5UVDDn8ir0ktbK11Q,190106,False,38,Charlie Puth
Charlie Puth,79,24104980,"soft pop, pop",Nine Track Mind (Special Edition),5J4SS8wTmXdyIEVYjmHzpZ,2015-11-05,20,184,album,album,71,,Artist Partner,8,Left Right Left,5Fi7qTS7T0OGDiQe6EVPNf,206466,False,36,Charlie Puth
Charlie Puth,79,24104980,"soft pop, pop",Nine Track Mind (Special Edition),5J4SS8wTmXdyIEVYjmHzpZ,2015-11-05,20,184,album,album,71,,Artist Partner,9,Then There's You,6gRoudyuCU7aD9AJWjTMdd,214413,False,33,Charlie Puth
Charlie Puth,79,24104980,"soft pop, pop",Nine Track Mind (Special Edition),5J4SS8wTmXdyIEVYjmHzpZ,2015-11-05,20,184,album,album,71,,Artist Partner,10,Suffer,34OANthMBNkRGMfzU3Rov8,210680,False,41,Charlie Puth
Charlie Puth,79,24104980,"soft pop, pop",Nine Track Mind (Special Edition),5J4SS8wTmXdyIEVYjmHzpZ,2015-11-05,20,184,album,album,71,,Artist Partner,11,As You Are (feat. Shy Carter),5XNQD4EOqj2afdqsvYvzMc,235920,False,36,"Charlie Puth, Shy Carter"
Charlie Puth,79,24104980,"soft pop, pop",Nine Track Mind (Special Edition),5J4SS8wTmXdyIEVYjmHzpZ,2015-11-05,20,184,album,album,71,,Artist Partner,12,Some Type of Love,0djtkuu6afzGQKcuEi2gNV,187906,False,44,Charlie Puth
Charlie Puth,79,24104980,"soft pop, pop",Nine Track Mind (Special Edition),5J4SS8wTmXdyIEVYjmHzpZ,2015-11-05,20,184,album,album,71,,Artist Partner,13,See You Again (feat. Charlie Puth),6IcrwGdIvRsrImOnoYfG9Z,229525,False,44,"Wiz Khalifa, Charlie Puth"
Charlie Puth,79,24104980,"soft pop, pop",Nine Track Mind (Special Edition),5J4SS8wTmXdyIEVYjmHzpZ,2015-11-05,20,184,album,album,71,,Artist Partner,14,Marvin Gaye (feat. Wale) - Remix,4LfkoDOt4mhrbo8Ndk37sQ,200106,True,61,"Charlie Puth, Wale"
Charlie Puth,79,24104980,"soft pop, pop",Nine Track Mind (Special Edition),5J4SS8wTmXdyIEVYjmHzpZ,2015-11-05,20,184,album,album,71,,Artist Partner,15,Marvin Gaye (feat. Meghan Trainor) - Boehm Remix,1UkB6rIHWMke2DcyZZ37CF,194499,False,27,"Charlie Puth, Meghan Trainor, Boehm"
Charlie Puth,79,24104980,"soft pop, pop",Nine Track Mind (Special Edition),5J4SS8wTmXdyIEVYjmHzpZ,2015-11-05,20,184,album,album,71,,Artist Partner,16,One Call Away (feat. Tyga) - Remix,4zhpLgd7CsS69auGgoMpoT,192045,False,33,"Charlie Puth, Tyga"
Charlie Puth,79,24104980,"soft pop, pop",Nine Track Mind (Special Edition),5J4SS8wTmXdyIEVYjmHzpZ,2015-11-05,20,184,album,album,71,,Artist Partner,17,One Call Away - KLYMVX Remix,7o3q6UPTiQ1QqyxMz4KQsV,221441,False,27,"Charlie Puth, KLYMVX"
Charlie Puth,79,24104980,"soft pop, pop",Nine Track Mind (Special Edition),5J4SS8wTmXdyIEVYjmHzpZ,2015-11-05,20,184,album,album,71,,Artist Partner,18,One Call Away - Acoustic,7eJECM4njsc622iY9zg4af,189052,False,47,Charlie Puth
Charlie Puth,79,24104980,"soft pop, pop",Nine Track Mind (Special Edition),5J4SS8wTmXdyIEVYjmHzpZ,2015-11-05,20,184,album,album,71,,Artist Partner,19,Marvin Gaye - Live,2jqbQyZBU5QgXPz6ItIgBp,179439,False,22,Charlie Puth
Charlie Puth,79,24104980,"soft pop, pop",Nine Track Mind (Special Edition),5J4SS8wTmXdyIEVYjmHzpZ,2015-11-05,20,184,album,album,71,,Artist Partner,20,Some Type of Love - Live,473mvpyfJXItgFFZuuakvc,192808,False,23,Charlie Puth
Charlie Puth,79,24104980,"soft pop, pop",December 25th,76xK4t4mW2HvVtA09CLcN6,2024-11-08,1,184,single,single,46,,Atlantic Records,1,December 25th,1QNPTNaw67BanVtwXKIX1a,231245,False,57,Charlie Puth
Charlie Puth,79,24104980,"soft pop, pop",Hero,62wSbbJY50qycn9uBP4rIC,2024-05-24,1,184,single,single,47,,Atlantic Records,1,Hero,5TTyyKNJZHONhjtAiXL1nG,196752,True,57,Charlie Puth
Charlie Puth,79,24104980,"soft pop, pop",Lose My Breath (Feat. Charlie Puth),1HSW0KtusVmitWsZGhjaJB,2024-05-10,2,183,single,single,55,,Republic Records - Stray Kids,1,Lose My Breath (Feat. Charlie Puth),2DXavoWAmIHlrECHPM1Vca,166913,False,65,"Stray Kids, Charlie Puth"
Charlie Puth,79,24104980,"soft pop, pop",Lose My Breath (Feat. Charlie Puth),1HSW0KtusVmitWsZGhjaJB,2024-05-10,2,183,single,single,55,,Republic Records - Stray Kids,2,Lose My Breath (Feat. Charlie Puth) (Instrumental),3Qv0iFRasM5KAWb6kMcf1t,166913,False,35,"Stray Kids, Charlie Puth"
Charlie Puth,79,24104980,"soft pop, pop",Lipstick,0xNBKoAOgkjxgDsmoa5lpV,2023-08-18,1,184,single,single,39,,Atlantic Records,1,Lipstick,1q4BCQssFe74UJmnWt5lov,208421,False,49,Charlie Puth
Charlie Puth,79,24104980,"soft pop, pop",That’s Not How This Works (feat. Dan + Shay & Sabrina Carpenter) [Sabrina’s Version],0TN8dXBkeIqDjVfUV3gPpc,2023-04-14,2,184,single,single,51,,Atlantic Records,1,That’s Not How This Works (feat. Dan + Shay & Sabrina Carpenter) - Sabrina’s Version,2WNHUp4s806SJrsj698ZX3,166640,False,61,"Charlie Puth, Dan + Shay, Sabrina Carpenter"
Charlie Puth,79,24104980,"soft pop, pop",That’s Not How This Works (feat. Dan + Shay & Sabrina Carpenter) [Sabrina’s Version],0TN8dXBkeIqDjVfUV3gPpc,2023-04-14,2,184,single,single,51,,Atlantic Records,2,That’s Not How This Works (feat. Dan + Shay),78igyKiVngWy0bT2elK8aN,165619,False,34,"Charlie Puth, Dan + Shay"
Charlie Puth,79,24104980,"soft pop, pop",That’s Not How This Works (feat. Dan + Shay),67IEDkeGYxOvS2RvcarzrT,2023-03-31,1,184,single,single,46,,Atlantic Records,1,That’s Not How This Works (feat. Dan + Shay),28a0aMV1OKoyNiCJuNsWrY,165619,False,57,"Charlie Puth, Dan + Shay"
Charlie Puth,79,24104980,"soft pop, pop",Smells Like Me,3XvDbxerzYjQZRc6JfF9jY,2022-09-02,1,184,single,single,36,,Atlantic Records,1,Smells Like Me,6LXIhiXK8z1KLd3giR904b,204079,False,46,Charlie Puth
Charlie Puth,79,24104980,"soft pop, pop",Left and Right (feat. Jung Kook of BTS) [Galantis Remix],4AyXQkbDTENUceOPTPWdwD,2022-09-01,2,184,single,single,35,,Atlantic Records,1,Left and Right (feat. Jung Kook of BTS) - Galantis Remix,7twpmDySuCWpASRjWVEdnJ,165269,False,37,"Charlie Puth, Jung Kook, Galantis"
Charlie Puth,79,24104980,"soft pop, pop",Left and Right (feat. Jung Kook of BTS) [Galantis Remix],4AyXQkbDTENUceOPTPWdwD,2022-09-01,2,184,single,single,35,,Atlantic Records,2,Left and Right (Feat. Jung Kook of BTS),4Xc7y7CHJn51Toq1c77TXl,154486,False,42,"Charlie Puth, Jung Kook, BTS"
Charlie Puth,79,24104980,"soft pop, pop",Left and Right (Feat. Jung Kook of BTS),65epIxU6qzK2pRgvYdrXos,2022-08-19,3,184,single,single,41,,Atlantic Records,1,Left and Right (Feat. Jung Kook of BTS),6RhEbk4odKK0PwPhpok7h1,154486,False,48,"Charlie Puth, Jung Kook, BTS"
Charlie Puth,79,24104980,"soft pop, pop",Left and Right (Feat. Jung Kook of BTS),65epIxU6qzK2pRgvYdrXos,2022-08-19,3,184,single,single,41,,Atlantic Records,2,Left and Right (Feat. Jung Kook of BTS) - Acapella,0lWsA6TPYDRWenhCJrbfYu,154486,False,42,"Charlie Puth, Jung Kook"
Charlie Puth,79,24104980,"soft pop, pop",Left and Right (Feat. Jung Kook of BTS),65epIxU6qzK2pRgvYdrXos,2022-08-19,3,184,single,single,41,,Atlantic Records,3,Left and Right (feat. Jung Kook of BTS) - Instrumental,4O9scbI6lMZ4eMyTcZqrZJ,152117,False,32,"Charlie Puth, Jung Kook"
Charlie Puth,79,24104980,"soft pop, pop",Left and Right (feat. Jung Kook of BTS) [Sam Feldt Remix],2ABebFmcboCDooqDlNriEH,2022-08-12,2,184,single,single,33,,Atlantic Records,1,Left and Right (feat. Jung Kook of BTS) - Sam Feldt Remix,17IVw95dOZSIiq7dz4UWaD,162540,False,38,"Charlie Puth, Jung Kook, Sam Feldt"
Charlie Puth,79,24104980,"soft pop, pop",Left and Right (feat. Jung Kook of BTS) [Sam Feldt Remix],2ABebFmcboCDooqDlNriEH,2022-08-12,2,184,single,single,33,,Atlantic Records,2,Left and Right (Feat. Jung Kook of BTS),6hcHRtozkrTnk8D6rh7lED,154486,False,39,"Charlie Puth, Jung Kook, BTS"
Charlie Puth,79,24104980,"soft pop, pop",Left and Right (feat. Jung Kook of BTS) [Instrumental],3wDWcowIrrWgpRmo2ZvFup,2022-06-23,1,184,single,single,24,,Atlantic Records,1,Left and Right (feat. Jung Kook of BTS) - Instrumental,3QRJgF8HY4zEuboEy4Q1gd,152117,False,34,"Charlie Puth, Jung Kook"
Charlie Puth,79,24104980,"soft pop, pop",That's Hilarious,4u8To08OaN83n1wUIl9wsB,2022-04-07,1,184,single,single,28,,Atlantic Records,1,That's Hilarious,3UhLNLeoDTeYozCENkoFTe,146855,False,38,Charlie Puth
Charlie Puth,79,24104980,"soft pop, pop",Light Switch (Tiësto Remix),79OZnDT8b6QXOG59szSjYz,2022-03-04,1,185,single,single,25,,Atlantic Records,1,Light Switch - Tiësto Remix,5IczhYC3YVI2IwxoJJoCmb,170769,False,35,"Charlie Puth, Tiësto"
Charlie Puth,79,24104980,"soft pop, pop",Light Switch (Acoustic),0H6pdORxZ735HztupqklPx,2022-02-18,2,185,single,single,31,,Atlantic Records,1,Light Switch - Acoustic,42nDnUAPjhZFlj5wt2BjJm,186295,False,40,Charlie Puth
Charlie Puth,79,24104980,"soft pop, pop",Light Switch (Acoustic),0H6pdORxZ735HztupqklPx,2022-02-18,2,185,single,single,31,,Atlantic Records,2,Light Switch,36PM3NBxWiTwhEq96dTxkc,187703,False,26,Charlie Puth
Charlie Puth,79,24104980,"soft pop, pop",Light Switch (Instrumental),4RRj9PqBj79OFDB2ydM7qs,2022-01-19,2,182,single,single,44,,Atlantic Records,1,Light Switch - Instrumental,0etmHrlHr0CgGtARdS3o7t,185680,False,17,Charlie Puth
Charlie Puth,79,24104980,"soft pop, pop",Light Switch (Instrumental),4RRj9PqBj79OFDB2ydM7qs,2022-01-19,2,182,single,single,44,,Atlantic Records,2,Light Switch,3AVXwaOGCEL8cmBecfcsFJ,187703,False,54,Charlie Puth
Charlie Puth,79,24104980,"soft pop, pop",Light Switch (Brighter Mix),62d9OolkbyCq8CRJOURoCV,2022-01-19,2,184,single,single,18,,Atlantic Records,1,Light Switch - Brighter Mix,1sN7BEKCIWKcK8CvKBETkw,178617,False,25,Charlie Puth
Charlie Puth,79,24104980,"soft pop, pop",Light Switch (Brighter Mix),62d9OolkbyCq8CRJOURoCV,2022-01-19,2,184,single,single,18,,Atlantic Records,2,Light Switch,78PGDqhpiGIkwkWtFtWyss,187703,False,20,Charlie Puth
Charlie Puth,79,24104980,"soft pop, pop",After All,3kxT5SN1GQ3j3kS9NHOsYI,2021-09-22,1,184,single,single,33,,EMI,1,After All,38UDoZyudPWXLzXRAb71oP,208714,False,43,"Elton John, Charlie Puth"
Charlie Puth,79,24104980,"soft pop, pop",Is It Just Me? (feat. Charlie Puth),6602j3WLi4WLHAjwGWW6T3,2020-11-19,1,185,single,single,44,,RCA Records Label,1,Is It Just Me? (feat. Charlie Puth),5tqNWWiySiABLrGAvSWsO5,154274,False,54,"Sasha Alex Sloan, Charlie Puth"
Charlie Puth,79,24104980,"soft pop, pop",Upside Down (feat. Charlie Puth),4rMBOhwN1GY0c2rpOoMU5L,2020-10-30,1,182,single,single,31,,P2020,1,Upside Down (feat. Charlie Puth),4nZhS4vsnO50wnSyMJraBj,116000,False,42,"JVKE, Charlie Puth"
Charlie Puth,79,24104980,"soft pop, pop",Hard On Yourself,174SAjvfg1fkglW2S9vYkw,2020-08-14,1,185,single,single,41,,Rumson Records,1,Hard On Yourself,6o4LOloYJc8yu0CdvOvifU,160825,False,51,"Charlie Puth, blackbear"
Charlie Puth,79,24104980,"soft pop, pop",Girlfriend (Haywyre Remix),4FUohmuUem6INx6ro34nCB,2020-07-30,2,185,single,single,16,,Atlantic Records/Rumson Records,1,Girlfriend - Haywyre Remix,1SikejIFFUEwBjMdO8Hbgn,156521,False,23,"Charlie Puth, Haywyre"
Charlie Puth,79,24104980,"soft pop, pop",Girlfriend (Haywyre Remix),4FUohmuUem6INx6ro34nCB,2020-07-30,2,185,single,single,16,,Atlantic Records/Rumson Records,2,Girlfriend,66dYOk69Eyr1vEFBHpmEhZ,177438,False,18,Charlie Puth
Charlie Puth,79,24104980,"soft pop, pop",Girlfriend (Live From Corden),4bsKJP1sB9EifTeAGF05rf,2020-07-16,2,185,single,single,11,,Atlantic Records/Rumson Records,1,Girlfriend - Live From Corden,5qlhmmasGSemjr82gD8Fox,178816,False,17,Charlie Puth
Charlie Puth,79,24104980,"soft pop, pop",Girlfriend (Live From Corden),4bsKJP1sB9EifTeAGF05rf,2020-07-16,2,185,single,single,11,,Atlantic Records/Rumson Records,2,Girlfriend,1oy74B14pvWb888II3wtbo,177438,False,14,Charlie Puth
Charlie Puth,79,24104980,"soft pop, pop","Free (From Disney's ""The One And Only Ivan"")",5hDTfO5ce0O7PiSbyLlsmT,2020-06-24,1,185,single,single,25,,Atlantic Records/Rumson Records,1,"Free - From Disney's ""The One And Only Ivan""",14Sr5vbW1kBUuMCOBf8Oru,228821,False,35,Charlie Puth
Charlie Puth,79,24104980,"soft pop, pop",Summer Feelings (feat. Charlie Puth) [Acoustic],1HtmKNFx5Lpv2wxNH9to5d,2020-06-23,2,185,single,single,15,,P2020,1,Summer Feelings (feat. Charlie Puth) - Acoustic,7CXZbbX9zJVlyxke0UfuG6,158644,False,21,"Lennon Stella, Charlie Puth"
Charlie Puth,79,24104980,"soft pop, pop",Summer Feelings (feat. Charlie Puth) [Acoustic],1HtmKNFx5Lpv2wxNH9to5d,2020-06-23,2,185,single,single,15,,P2020,2,Summer Feelings (feat. Charlie Puth),7IgxcAbcktfekB5OgQ1Qf1,160289,False,17,"Lennon Stella, Charlie Puth"
Charlie Puth,79,24104980,"soft pop, pop",Girlfriend,7AfbvLhUxPt0qOcXB2GTzY,2020-06-23,1,185,single,single,39,,Atlantic Records/Rumson Records,1,Girlfriend,1UNs8AlFM8c0uAkSyjIW3P,177438,False,49,Charlie Puth
Charlie Puth,79,24104980,"soft pop, pop",Summer Feelings (feat. Charlie Puth) [Morgan Page Remix],0EbhQjwKjqKkDBgC8GAoRR,2020-06-21,1,185,single,single,10,,P2020,1,Summer Feelings (feat. Charlie Puth) - Morgan Page Remix,2gatf7ZwixDSF9c4oFMO6F,201848,False,19,"Lennon Stella, Charlie Puth, Morgan Page"
Charlie Puth,79,24104980,"soft pop, pop",Summer Feelings (feat. Charlie Puth) [Jengi Remix],5P1zf3hBMEz8sS89fLbc3O,2020-06-20,1,185,single,single,15,,P2020,1,Summer Feelings (feat. Charlie Puth) - Jengi Remix,6hkTs28altlfo5SSAwEwv9,175181,False,25,"Lennon Stella, Charlie Puth, Jengi"
Charlie Puth,79,24104980,"soft pop, pop",Summer Feelings (feat. Charlie Puth),4D9M4nzQ9kvchgxyQyymtW,2020-04-23,1,185,single,single,44,,P2020,1,Summer Feelings (feat. Charlie Puth) - From 'SCOOB!' The Album,49dFIRQCQxPWgoH0m38XQ5,160289,False,54,"Lennon Stella, Charlie Puth"
Charlie Puth,79,24104980,"soft pop, pop",Mother (CPEN Remix),3eH4qMguMKK4CopQyS0kbv,2019-12-13,1,185,single,single,6,,Artist Partner,1,Mother - CPEN Remix,4vvX7eIJizaridhzQQ1kUq,308571,False,14,"Charlie Puth, CPEN"
Charlie Puth,79,24104980,"soft pop, pop",Mother (Meridian Remix),4TgnRE1hDxMJVfYWGKhX0c,2019-11-29,1,185,single,single,10,,Artist Partner,1,Mother - Meridian Remix,0vjJ23gGHNBRiP9zTYWw3S,173076,False,18,"Charlie Puth, Meridian"
Charlie Puth,79,24104980,"soft pop, pop",Mother (Codeko Remix),4LMEWcVc438sHtl50HHOIc,2019-11-15,1,185,single,single,6,,Artist Partner,1,Mother - Codeko Remix,25M9yjvf46QXNF9OkWPM1j,190819,False,14,"Charlie Puth, Codeko"
Charlie Puth,79,24104980,"soft pop, pop",Mother (Fedde Le Grand Remix),2Ryw2kkGP0VecGM9b4kjgo,2019-11-01,1,185,single,single,15,,Artist Partner,1,Mother - Fedde Le Grand Remix,1aT7vltGhkjyMI3F3aO3A4,178125,False,25,"Charlie Puth, Fedde Le Grand"
Charlie Puth,79,24104980,"soft pop, pop",Cheating on You,1cZNFKrwWK0PGqQFUspj3L,2019-10-01,1,184,single,single,59,,Artist Partner,1,Cheating on You,0ClPIeT6MSgfSgQ9ZrJbAq,196606,False,69,Charlie Puth
Charlie Puth,79,24104980,"soft pop, pop",Mother,5OrSjlgjIvI3GmTnTt6wnT,2019-09-12,1,184,single,single,34,,Artist Partner,1,Mother,6rVNnvyNeibts1uOqdSNIw,162864,False,44,Charlie Puth
Charlie Puth,79,24104980,"soft pop, pop",I Warned Myself,3TDyDrYb9qx7DtGWXqvLfW,2019-08-21,1,184,single,single,37,,Artist Partner,1,I Warned Myself,3707IBa4HnS3zDDoWfeUBl,159782,False,47,Charlie Puth
Charlie Puth,79,24104980,"soft pop, pop",Easier – Remix (with Charlie Puth),5h2ljtbTQqfbCg4nem00bf,2019-08-13,1,184,single,single,35,,5 Seconds Of Summer/Interscope,1,Easier – Remix (with Charlie Puth),5iTaLzgPI5jRMVAxITcZwT,157325,False,45,"5 Seconds of Summer, Charlie Puth"
Charlie Puth,79,24104980,"soft pop, pop",The Way I Am (Acoustic + Remixes),2u1l6pdTPfIx3tka8fcyOw,2018-07-27,4,185,single,single,24,,Artist Partner,1,The Way I Am - Acoustic,7buGVd0PKdNsCsZgUSPjiE,188021,False,29,Charlie Puth
Charlie Puth,79,24104980,"soft pop, pop",The Way I Am (Acoustic + Remixes),2u1l6pdTPfIx3tka8fcyOw,2018-07-27,4,185,single,single,24,,Artist Partner,2,The Way I Am - Eden Prince Remix,2n8q5MZf4JlmO5RXbI1rpe,192797,False,25,"Charlie Puth, Eden Prince"
Charlie Puth,79,24104980,"soft pop, pop",The Way I Am (Acoustic + Remixes),2u1l6pdTPfIx3tka8fcyOw,2018-07-27,4,185,single,single,24,,Artist Partner,3,The Way I Am - Taska Black Remix,2oq7oUO1nB3C4DzQqeogMV,195272,False,19,"Charlie Puth, Taska Black"
Charlie Puth,79,24104980,"soft pop, pop",The Way I Am (Acoustic + Remixes),2u1l6pdTPfIx3tka8fcyOw,2018-07-27,4,185,single,single,24,,Artist Partner,4,The Way I Am - Slushii Remix,2XD4SLHzIhb1jEbcx0N8ZH,225000,False,20,"Charlie Puth, Slushii"
Charlie Puth,79,24104980,"soft pop, pop",Done for Me (feat. Kehlani) [Remixes],6XNlF4vPV9MXQsOe0vkXOQ,2018-04-27,4,185,single,single,24,,Artist Partner,1,Done for Me (feat. Kehlani) - Syn Cole Remix,4j5oXMKwrxgh3JhGalTHN6,189662,False,22,"Charlie Puth, Kehlani, Syn Cole"
Charlie Puth,79,24104980,"soft pop, pop",Done for Me (feat. Kehlani) [Remixes],6XNlF4vPV9MXQsOe0vkXOQ,2018-04-27,4,185,single,single,24,,Artist Partner,2,Done for Me (feat. Kehlani) - No Sleep Remix,10fsDTHrixtiDawcgQbP89,210000,False,16,"Charlie Puth, Kehlani, No Sleep"
Charlie Puth,79,24104980,"soft pop, pop",Done for Me (feat. Kehlani) [Remixes],6XNlF4vPV9MXQsOe0vkXOQ,2018-04-27,4,185,single,single,24,,Artist Partner,3,Done for Me (feat. Kehlani) - Loud Luxury Remix,1eo1U8FJ9nZsEoHKetSHOG,176585,False,30,"Charlie Puth, Kehlani, Loud Luxury"
Charlie Puth,79,24104980,"soft pop, pop",Done for Me (feat. Kehlani) [Remixes],6XNlF4vPV9MXQsOe0vkXOQ,2018-04-27,4,185,single,single,24,,Artist Partner,4,Done for Me (feat. Kehlani) - James Hype Remix,7A4QzzeTLRMGwGINagh9e6,204942,False,19,"Charlie Puth, Kehlani, James Hype"
Charlie Puth,79,24104980,"soft pop, pop",How Long (Remixes),1m5yvif7k9ew7iB0AIpP1P,2017-11-17,6,185,single,single,32,,Artist Partner,1,How Long (feat. French Montana) - Remix,1mLbnfoGyCHAYsTYC6xoEl,206964,False,31,"Charlie Puth, French Montana"
Charlie Puth,79,24104980,"soft pop, pop",How Long (Remixes),1m5yvif7k9ew7iB0AIpP1P,2017-11-17,6,185,single,single,32,,Artist Partner,2,How Long - Throttle Remix,06TKEskjp4zts7jxX9JRWE,261290,False,16,"Charlie Puth, Throttle"
Charlie Puth,79,24104980,"soft pop, pop",How Long (Remixes),1m5yvif7k9ew7iB0AIpP1P,2017-11-17,6,185,single,single,32,,Artist Partner,3,How Long - Roisto Remix,7A7AuPfFh0Ytjtojxu97Vu,225326,False,29,"Charlie Puth, Roisto"
Charlie Puth,79,24104980,"soft pop, pop",How Long (Remixes),1m5yvif7k9ew7iB0AIpP1P,2017-11-17,6,185,single,single,32,,Artist Partner,4,How Long - Jerry Folk Remix,07UIoWS1yspOm2W1qZ6PWX,196190,False,30,"Charlie Puth, Jerry Folk"
Charlie Puth,79,24104980,"soft pop, pop",How Long (Remixes),1m5yvif7k9ew7iB0AIpP1P,2017-11-17,6,185,single,single,32,,Artist Partner,5,How Long - EDX's Dubai Skyline Remix,2cmWjJEB9PydEc1eIHbOHX,192786,False,35,"Charlie Puth, EDX"
Charlie Puth,79,24104980,"soft pop, pop",How Long (Remixes),1m5yvif7k9ew7iB0AIpP1P,2017-11-17,6,185,single,single,32,,Artist Partner,6,How Long - EDX's Dubai Skyline Extended Mix,02v17Z1TzCtIqFFJb1IoLz,292254,False,15,"Charlie Puth, EDX"
Charlie Puth,79,24104980,"soft pop, pop",Spotify Singles,7zHMR1njPkiD4pPS3JPMSJ,2017-08-23,2,184,single,single,29,,Artist Partner,1,Attention - Live from Spotify Studios NYC,6qgMSxNUPmqHbVr5uPKuqo,222270,False,32,Charlie Puth
Charlie Puth,79,24104980,"soft pop, pop",Spotify Singles,7zHMR1njPkiD4pPS3JPMSJ,2017-08-23,2,184,single,single,29,,Artist Partner,2,I Don't Wanna Know - Live from Spotify Studios NYC,4dMvtp8p5mzCCaA18dgzQy,215882,False,35,Charlie Puth
Charlie Puth,79,24104980,"soft pop, pop",Attention (Acoustic + Remixes),4y0Z0P5jwoy0e6x9aeG8QP,2017-06-09,7,185,single,single,43,,Artist Partner,1,Attention (Remix) [feat. Kyle],3kCPV6l3F0FH1oIVK69kkK,218388,True,36,"Charlie Puth, KYLE"
Charlie Puth,79,24104980,"soft pop, pop",Attention (Acoustic + Remixes),4y0Z0P5jwoy0e6x9aeG8QP,2017-06-09,7,185,single,single,43,,Artist Partner,2,Attention - Acoustic,4I8s6vwzHT2geqH91w2Dyg,206702,False,50,Charlie Puth
Charlie Puth,79,24104980,"soft pop, pop",Attention (Acoustic + Remixes),4y0Z0P5jwoy0e6x9aeG8QP,2017-06-09,7,185,single,single,43,,Artist Partner,3,Attention - Bingo Players Remix,6zcrTrD7JY8gTQKeMyHafc,144019,False,31,"Charlie Puth, Bingo Players"
Charlie Puth,79,24104980,"soft pop, pop",Attention (Acoustic + Remixes),4y0Z0P5jwoy0e6x9aeG8QP,2017-06-09,7,185,single,single,43,,Artist Partner,4,Attention - Oliver Heldens Remix,6OgJ4gmyE66Gjs8xDI3eAr,202098,False,31,"Charlie Puth, Oliver Heldens"
Charlie Puth,79,24104980,"soft pop, pop",Attention (Acoustic + Remixes),4y0Z0P5jwoy0e6x9aeG8QP,2017-06-09,7,185,single,single,43,,Artist Partner,5,Attention - Lash Remix,52sWQ3GYSoOVBhEjSxD9Zf,175300,False,28,"Charlie Puth, Lash"
Charlie Puth,79,24104980,"soft pop, pop",Attention (Acoustic + Remixes),4y0Z0P5jwoy0e6x9aeG8QP,2017-06-09,7,185,single,single,43,,Artist Partner,6,Attention - HUGEL Remix,6t33J9rAvMrBXOFxgRB1ct,276610,False,22,"Charlie Puth, HUGEL"
Charlie Puth,79,24104980,"soft pop, pop",Attention (Acoustic + Remixes),4y0Z0P5jwoy0e6x9aeG8QP,2017-06-09,7,185,single,single,43,,Artist Partner,7,Attention - David Guetta Remix,7ksmqYjUIkT7OFvvhw7Q7s,192000,False,34,"Charlie Puth, David Guetta"
Charlie Puth,79,24104980,"soft pop, pop",We Don't Talk Anymore (feat. Selena Gomez) [Remixes],2ELvab367kiz5UNr3a7x9K,2016-07-08,6,185,single,single,43,,Artist Partner,1,We Don't Talk Anymore (feat. Selena Gomez) - Mr. Collipark Remix,0Pb4CCKPAlvssNb5zlVGER,254400,False,44,"Charlie Puth, Selena Gomez, Mr. Collipark"
Charlie Puth,79,24104980,"soft pop, pop",We Don't Talk Anymore (feat. Selena Gomez) [Remixes],2ELvab367kiz5UNr3a7x9K,2016-07-08,6,185,single,single,43,,Artist Partner,2,We Don't Talk Anymore (feat. Selena Gomez) - Lash Remix,4qKREVjzOFA7jCb7rbwDaw,201000,False,35,"Charlie Puth, Selena Gomez, Lash"
Charlie Puth,79,24104980,"soft pop, pop",We Don't Talk Anymore (feat. Selena Gomez) [Remixes],2ELvab367kiz5UNr3a7x9K,2016-07-08,6,185,single,single,43,,Artist Partner,3,We Don't Talk Anymore (feat. Selena Gomez) - Attom Remix,2xd0XPeWhODLsQkEClIL9c,218400,False,35,"Charlie Puth, Selena Gomez, Attom"
Charlie Puth,79,24104980,"soft pop, pop",We Don't Talk Anymore (feat. Selena Gomez) [Remixes],2ELvab367kiz5UNr3a7x9K,2016-07-08,6,185,single,single,43,,Artist Partner,4,We Don't Talk Anymore (feat. Selena Gomez) - Junge Junge Remix,2YdFnOdRJ2cR1Z18CiOqcV,256794,False,23,"Charlie Puth, Selena Gomez, Junge Junge"
Charlie Puth,79,24104980,"soft pop, pop",We Don't Talk Anymore (feat. Selena Gomez) [Remixes],2ELvab367kiz5UNr3a7x9K,2016-07-08,6,185,single,single,43,,Artist Partner,5,We Don't Talk Anymore (feat. Selena Gomez) - Hazey Eyes Remix,0yVTjQUDF1gmXSeEniot5k,198333,False,21,"Charlie Puth, Selena Gomez, Hazey Eyes"
Charlie Puth,79,24104980,"soft pop, pop",We Don't Talk Anymore (feat. Selena Gomez) [Remixes],2ELvab367kiz5UNr3a7x9K,2016-07-08,6,185,single,single,43,,Artist Partner,6,We Don't Talk Anymore (feat. Selena Gomez) - DROELOE Remix,0Ipbnpn89nxSZQDb8wbeTc,218426,False,48,"Charlie Puth, Selena Gomez, DROELOE"
Charlie Puth,79,24104980,"soft pop, pop",Suffer (Vince Staples & AndreaLo Remix),6bUVv8zauM2mcnrvCthQgP,2016-01-27,1,184,single,single,19,,Artist Partner,1,Suffer - Vince Staples & AndreaLo Remix,7j16XLHBZXPcgCoYPKVqmF,242249,True,28,"Charlie Puth, AndreaLo, Vince Staples"
Charlie Puth,79,24104980,"soft pop, pop",One Call Away (Piana-pella),3wYboBoYRq0UzK4IJKULtn,2015-12-11,1,185,single,single,12,,Artist Partner,1,One Call Away - Piana-pella,1E15E1AffcEuxwa1CXtiQd,143406,False,22,Charlie Puth
Charlie Puth,79,24104980,"soft pop, pop",One Call Away (Acoustic + Remixes),5UMl7dsO7ZoMyH7rKUc53q,2015-11-27,6,185,single,single,29,,Artist Partner,1,One Call Away (feat. Tyga) - Remix,1TMl2VF0sT8Kh1lsrqF6jT,192045,False,21,"Charlie Puth, Tyga"
Charlie Puth,79,24104980,"soft pop, pop",One Call Away (Acoustic + Remixes),5UMl7dsO7ZoMyH7rKUc53q,2015-11-27,6,185,single,single,29,,Artist Partner,2,One Call Away - Acoustic,5DtTZfXWnMPzgSsl3GGN8u,189052,False,38,Charlie Puth
Charlie Puth,79,24104980,"soft pop, pop",One Call Away (Acoustic + Remixes),5UMl7dsO7ZoMyH7rKUc53q,2015-11-27,6,185,single,single,29,,Artist Partner,3,One Call Away - Lux & Marcusson Remix,002EAPi9tMDv72oe0B6CMX,251612,False,16,"Charlie Puth, Lux & Marcusson"
Charlie Puth,79,24104980,"soft pop, pop",One Call Away (Acoustic + Remixes),5UMl7dsO7ZoMyH7rKUc53q,2015-11-27,6,185,single,single,29,,Artist Partner,4,One Call Away - Lash Remix,5uv8FtBYzEFxKNFbzGbAbw,222730,False,14,"Charlie Puth, Lash"
Charlie Puth,79,24104980,"soft pop, pop",One Call Away (Acoustic + Remixes),5UMl7dsO7ZoMyH7rKUc53q,2015-11-27,6,185,single,single,29,,Artist Partner,5,One Call Away - KLYMVX Remix,0Gj1LCRfqlXVizpBkQ1aFS,221441,False,15,"Charlie Puth, KLYMVX"
Charlie Puth,79,24104980,"soft pop, pop",One Call Away (Acoustic + Remixes),5UMl7dsO7ZoMyH7rKUc53q,2015-11-27,6,185,single,single,29,,Artist Partner,6,One Call Away - Junge Junge Remix,6Cb6znKsKUmwJMlnTCJXS6,294021,False,17,"Charlie Puth, Junge Junge"
Charlie Puth,79,24104980,"soft pop, pop",Marvin Gaye (feat. Meghan Trainor) [Remixes],0YTxjPT3HR7S0gwSYFCgKj,2015-08-28,4,185,single,single,22,,Artist Partner,1,Marvin Gaye (feat. Meghan Trainor) - DJ Kue Remix,7wDXXa6IpKsRacbkNRZ9zw,333749,False,27,"Charlie Puth, Meghan Trainor, DJ Kue"
Charlie Puth,79,24104980,"soft pop, pop",Marvin Gaye (feat. Meghan Trainor) [Remixes],0YTxjPT3HR7S0gwSYFCgKj,2015-08-28,4,185,single,single,22,,Artist Partner,2,Marvin Gaye (feat. Meghan Trainor) - Cahill Remix,09GdVOr5ucGImTdWw6mHGx,177220,False,15,"Charlie Puth, Meghan Trainor, Cahill"
Charlie Puth,79,24104980,"soft pop, pop",Marvin Gaye (feat. Meghan Trainor) [Remixes],0YTxjPT3HR7S0gwSYFCgKj,2015-08-28,4,185,single,single,22,,Artist Partner,3,Marvin Gaye (feat. Meghan Trainor) - Boehm Remix,35Ys6m2aXKVOAMD5SlP2W2,194499,False,13,"Charlie Puth, Meghan Trainor, Boehm"
Charlie Puth,79,24104980,"soft pop, pop",Marvin Gaye (feat. Meghan Trainor) [Remixes],0YTxjPT3HR7S0gwSYFCgKj,2015-08-28,4,185,single,single,22,,Artist Partner,4,Marvin Gaye (feat. Meghan Trainor) - 10K Islands Remix,4n6DdZ99RT6PplUCn5qP18,190675,False,23,"Charlie Puth, Meghan Trainor, 10k Islands"
Charlie Puth,79,24104980,"soft pop, pop",Nothing but Trouble (Instagram Models) [From 808: The Music],11e5zCxCAmhFTG5nnnZibS,2015-06-30,1,117,single,single,32,,Big Beat Records/Atlantic,1,Nothing but Trouble - Instagram Models,7rdjfrTBMNt3KaaGvSv3YG,217984,True,42,"Lil Wayne, Charlie Puth"
Charlie Puth,79,24104980,"soft pop, pop",Some Type of Love,5t4A7Loq1pKRFlkBOs1O2O,2015-05-01,4,167,single,single,50,,Artist Partner,1,I Won't Tell a Soul,7uFhHMYpEC2MLXwxt64pMD,187884,False,42,Charlie Puth
Charlie Puth,79,24104980,"soft pop, pop",Some Type of Love,5t4A7Loq1pKRFlkBOs1O2O,2015-05-01,4,167,single,single,50,,Artist Partner,2,Marvin Gaye (feat. Meghan Trainor),6ukMqDxnOPOgoHdak7Kyp3,190453,False,60,"Charlie Puth, Meghan Trainor"
Charlie Puth,79,24104980,"soft pop, pop",Some Type of Love,5t4A7Loq1pKRFlkBOs1O2O,2015-05-01,4,167,single,single,50,,Artist Partner,3,Some Type of Love,2nI6aT3cnPFoXQ1L705wcY,185608,False,36,Charlie Puth
Charlie Puth,79,24104980,"soft pop, pop",Some Type of Love,5t4A7Loq1pKRFlkBOs1O2O,2015-05-01,4,167,single,single,50,,Artist Partner,4,Suffer,4PIVn5SSEfEe9nTxvn6cQe,210303,False,24,Charlie Puth
Charlie Puth,79,24104980,"soft pop, pop",See You Again (feat. Charlie Puth),5FXIqS1XqbpfOKNoi5VUwS,2015,1,184,single,single,68,,Atlantic Records,1,See You Again (feat. Charlie Puth),2JzZzZUQj3Qff7wapcbKjc,229525,False,78,"Wiz Khalifa, Charlie Puth"
